ASX Code,Company Name,Date,Open,High,Low,Close,Volume,Market Capitalisation($m),Shares on Issue
PSQ,Pacific Smiles Group Limited,05/11/2025,0.000,0.000,0.000,2.180,0,352.32,161615445
PSQ,Pacific Smiles Group Limited,04/11/2025,0.000,0.000,0.000,2.180,0,352.32,161615445
PSQ,Pacific Smiles Group Limited,03/11/2025,0.000,0.000,0.000,2.180,0,352.32,161615445
PSQ,Pacific Smiles Group Limited,31/10/2025,2.180,2.180,2.180,2.180,745,352.32,161615445
PSQ,Pacific Smiles Group Limited,30/10/2025,2.190,2.190,2.190,2.190,2396,353.94,161615445
PSQ,Pacific Smiles Group Limited,29/10/2025,2.180,2.180,2.180,2.180,56,352.32,161615445
PSQ,Pacific Smiles Group Limited,28/10/2025,2.190,2.190,2.180,2.180,920,352.32,161615445
PSQ,Pacific Smiles Group Limited,27/10/2025,2.190,2.190,2.180,2.180,2,352.32,161615445
PSQ,Pacific Smiles Group Limited,24/10/2025,2.190,2.190,2.180,2.180,5,352.32,161615445
PSQ,Pacific Smiles Group Limited,23/10/2025,0.000,0.000,0.000,2.190,0,353.94,161615445
PSQ,Pacific Smiles Group Limited,22/10/2025,2.190,2.190,2.190,2.190,5,353.94,161615445
PSQ,Pacific Smiles Group Limited,21/10/2025,2.180,2.180,2.180,2.180,37,352.32,161615445
PSQ,Pacific Smiles Group Limited,20/10/2025,2.190,2.190,2.180,2.180,2,352.32,161615445
PSQ,Pacific Smiles Group Limited,17/10/2025,2.190,2.190,2.180,2.180,17,352.32,161615445
PSQ,Pacific Smiles Group Limited,16/10/2025,0.000,0.000,0.000,2.190,0,353.94,161615445
PSQ,Pacific Smiles Group Limited,15/10/2025,2.190,2.190,2.190,2.190,8,353.94,161615445
PSQ,Pacific Smiles Group Limited,14/10/2025,2.180,2.190,2.180,2.180,2881,352.32,161615445
PSQ,Pacific Smiles Group Limited,13/10/2025,2.185,2.190,2.180,2.180,23082,352.32,161615445
PSQ,Pacific Smiles Group Limited,10/10/2025,0.000,0.000,0.000,1.600,0,258.58,161615445
PSQ,Pacific Smiles Group Limited,09/10/2025,0.000,0.000,0.000,1.600,0,258.58,161615445
PSQ,Pacific Smiles Group Limited,08/10/2025,0.000,0.000,0.000,1.600,0,258.58,161615445
PSQ,Pacific Smiles Group Limited,07/10/2025,0.000,0.000,0.000,1.600,0,258.58,161615445
PSQ,Pacific Smiles Group Limited,06/10/2025,1.600,1.600,1.600,1.600,350,258.58,161615445
PSQ,Pacific Smiles Group Limited,03/10/2025,1.600,1.600,1.600,1.600,8,258.58,161615445
PSQ,Pacific Smiles Group Limited,02/10/2025,0.000,0.000,0.000,1.525,0,246.46,161615445
PSQ,Pacific Smiles Group Limited,01/10/2025,0.000,0.000,0.000,1.525,0,246.46,161615445
PSQ,Pacific Smiles Group Limited,30/09/2025,0.000,0.000,0.000,1.525,0,246.46,161615445
PSQ,Pacific Smiles Group Limited,29/09/2025,0.000,0.000,0.000,1.525,0,246.46,161615445
PSQ,Pacific Smiles Group Limited,26/09/2025,0.000,0.000,0.000,1.525,0,246.46,161615445
PSQ,Pacific Smiles Group Limited,25/09/2025,1.625,1.625,1.525,1.525,980,246.46,161615445
PSQ,Pacific Smiles Group Limited,24/09/2025,0.000,0.000,0.000,1.580,0,255.35,161615445
PSQ,Pacific Smiles Group Limited,23/09/2025,0.000,0.000,0.000,1.580,0,255.35,161615445
PSQ,Pacific Smiles Group Limited,22/09/2025,0.000,0.000,0.000,1.580,0,255.35,161615445
PSQ,Pacific Smiles Group Limited,19/09/2025,0.000,0.000,0.000,1.580,0,255.35,161615445
PSQ,Pacific Smiles Group Limited,18/09/2025,0.000,0.000,0.000,1.580,0,255.35,161615445
PSQ,Pacific Smiles Group Limited,17/09/2025,0.000,0.000,0.000,1.580,0,255.35,161615445
PSQ,Pacific Smiles Group Limited,16/09/2025,0.000,0.000,0.000,1.580,0,255.35,161615445
PSQ,Pacific Smiles Group Limited,15/09/2025,0.000,0.000,0.000,1.580,0,255.35,161615445
PSQ,Pacific Smiles Group Limited,12/09/2025,0.000,0.000,0.000,1.580,0,255.35,161615445
PSQ,Pacific Smiles Group Limited,11/09/2025,1.580,1.580,1.580,1.580,32,255.35,161615445
PSQ,Pacific Smiles Group Limited,10/09/2025,1.580,1.580,1.580,1.580,34,255.35,161615445
PSQ,Pacific Smiles Group Limited,09/09/2025,0.000,0.000,0.000,1.575,0,254.54,161615445
PSQ,Pacific Smiles Group Limited,08/09/2025,0.000,0.000,0.000,1.575,0,254.54,161615445
PSQ,Pacific Smiles Group Limited,05/09/2025,0.000,0.000,0.000,1.575,0,254.54,161615445
PSQ,Pacific Smiles Group Limited,04/09/2025,0.000,0.000,0.000,1.575,0,254.54,161615445
PSQ,Pacific Smiles Group Limited,03/09/2025,0.000,0.000,0.000,1.575,0,254.54,161615445
PSQ,Pacific Smiles Group Limited,02/09/2025,0.000,0.000,0.000,1.575,0,254.54,161615445
PSQ,Pacific Smiles Group Limited,01/09/2025,0.000,0.000,0.000,1.575,0,254.54,161615445
PSQ,Pacific Smiles Group Limited,29/08/2025,1.615,1.615,1.575,1.575,2226,254.54,161615445
PSQ,Pacific Smiles Group Limited,28/08/2025,0.000,0.000,0.000,1.615,0,261.01,161615445
PSQ,Pacific Smiles Group Limited,27/08/2025,0.000,0.000,0.000,1.615,0,261.01,161615445
PSQ,Pacific Smiles Group Limited,26/08/2025,0.000,0.000,0.000,1.615,0,261.01,161615445
PSQ,Pacific Smiles Group Limited,25/08/2025,0.000,0.000,0.000,1.615,0,261.01,161615445
PSQ,Pacific Smiles Group Limited,22/08/2025,1.615,1.615,1.615,1.615,6,261.01,161615445
PSQ,Pacific Smiles Group Limited,21/08/2025,0.000,0.000,0.000,1.575,0,254.54,161615445
PSQ,Pacific Smiles Group Limited,20/08/2025,0.000,0.000,0.000,1.575,0,254.54,161615445
PSQ,Pacific Smiles Group Limited,19/08/2025,0.000,0.000,0.000,1.575,0,254.54,161615445
PSQ,Pacific Smiles Group Limited,18/08/2025,0.000,0.000,0.000,1.575,0,254.54,161615445
PSQ,Pacific Smiles Group Limited,15/08/2025,1.575,1.575,1.575,1.575,2,254.56,161623972
PSQ,Pacific Smiles Group Limited,14/08/2025,1.555,1.555,1.555,1.555,3935,251.33,161623972
PSQ,Pacific Smiles Group Limited,13/08/2025,1.550,1.550,1.550,1.550,652,250.52,161623972
PSQ,Pacific Smiles Group Limited,12/08/2025,0.000,0.000,0.000,1.510,0,244.05,161623972
PSQ,Pacific Smiles Group Limited,11/08/2025,1.510,1.510,1.510,1.510,1,244.05,161623972
PSQ,Pacific Smiles Group Limited,08/08/2025,1.510,1.510,1.500,1.500,4876,242.44,161623972
PSQ,Pacific Smiles Group Limited,07/08/2025,0.000,0.000,0.000,1.510,0,244.05,161623972
PSQ,Pacific Smiles Group Limited,06/08/2025,1.510,1.510,1.510,1.510,502,244.05,161623972
PSQ,Pacific Smiles Group Limited,05/08/2025,1.505,1.505,1.500,1.500,11926,242.44,161623972
PSQ,Pacific Smiles Group Limited,04/08/2025,1.670,1.670,1.670,1.670,1,269.91,161623972
PSQ,Pacific Smiles Group Limited,01/08/2025,0.000,0.000,0.000,1.670,0,269.91,161623972
PSQ,Pacific Smiles Group Limited,31/07/2025,0.000,0.000,0.000,1.670,0,269.91,161623972
PSQ,Pacific Smiles Group Limited,30/07/2025,1.670,1.670,1.670,1.670,6,269.91,161623972
PSQ,Pacific Smiles Group Limited,29/07/2025,0.000,0.000,0.000,1.670,0,269.91,161623972
PSQ,Pacific Smiles Group Limited,28/07/2025,1.685,1.685,1.670,1.670,7,269.91,161623972
PSQ,Pacific Smiles Group Limited,25/07/2025,0.000,0.000,0.000,1.670,0,269.91,161623972
PSQ,Pacific Smiles Group Limited,24/07/2025,0.000,0.000,0.000,1.670,0,269.91,161623972
PSQ,Pacific Smiles Group Limited,23/07/2025,0.000,0.000,0.000,1.670,0,269.91,161623972
PSQ,Pacific Smiles Group Limited,22/07/2025,0.000,0.000,0.000,1.670,0,269.91,161623972
PSQ,Pacific Smiles Group Limited,21/07/2025,1.670,1.670,1.670,1.670,318,269.91,161623972
PSQ,Pacific Smiles Group Limited,18/07/2025,0.000,0.000,0.000,1.645,0,265.87,161623972
PSQ,Pacific Smiles Group Limited,17/07/2025,1.645,1.645,1.645,1.645,70,265.87,161623972
PSQ,Pacific Smiles Group Limited,16/07/2025,1.630,1.630,1.630,1.630,100,263.45,161623972
PSQ,Pacific Smiles Group Limited,15/07/2025,0.000,0.000,0.000,1.765,0,285.27,161623972
PSQ,Pacific Smiles Group Limited,14/07/2025,1.750,1.765,1.730,1.765,1161,285.27,161623972
PSQ,Pacific Smiles Group Limited,11/07/2025,0.000,0.000,0.000,1.765,0,285.27,161623972
PSQ,Pacific Smiles Group Limited,10/07/2025,0.000,0.000,0.000,1.765,0,285.27,161623972
PSQ,Pacific Smiles Group Limited,09/07/2025,0.000,0.000,0.000,1.765,0,285.27,161623972
PSQ,Pacific Smiles Group Limited,08/07/2025,0.000,0.000,0.000,1.765,0,285.27,161623972
PSQ,Pacific Smiles Group Limited,07/07/2025,1.700,1.770,1.700,1.765,4914,285.27,161623972
PSQ,Pacific Smiles Group Limited,04/07/2025,1.700,1.770,1.700,1.700,8431,274.76,161623972
PSQ,Pacific Smiles Group Limited,03/07/2025,1.625,1.700,1.625,1.680,72,271.53,161623972
PSQ,Pacific Smiles Group Limited,02/07/2025,1.470,1.630,1.460,1.630,5059,263.45,161623972
PSQ,Pacific Smiles Group Limited,01/07/2025,1.535,1.535,1.450,1.480,727,239.20,161623972
